time,target,season,temp,is_holiday
2016-01-01,522125.0,1,272.024,True
2016-01-02,719136.0,1,272.88846875,False
2016-01-03,748524.0,1,273.8546625,False
2016-01-04,700822.0,1,275.72953125000004,False
2016-01-05,530521.0,1,275.12919999999997,False
2016-01-06,668680.0,1,274.8759375,True
2016-01-07,736820.0,1,275.62,False
2016-01-08,730635.0,1,274.6651375,False
2016-01-09,757463.0,1,275.51246875000004,False
2016-01-10,611903.0,1,276.8139,False
2016-01-11,558169.0,1,277.3659,False
2016-01-12,750427.0,1,275.65693124999996,False
2016-01-13,760134.0,1,279.1118,False
2016-01-14,765948.0,1,279.7629,False
2016-01-15,760379.0,1,279.9692,False
2016-01-16,693004.0,1,278.694,False
2016-01-17,658045.0,1,275.2972,False
2016-01-18,774212.0,1,277.32913125,False
2016-01-19,780217.0,1,275.9715625,False
2016-01-20,776932.0,1,274.7096,False
2016-01-21,773169.0,1,274.70086875000004,False
2016-01-22,758816.0,1,277.59353124999996,False
2016-01-23,666858.0,1,275.54616875,False
2016-01-24,615513.0,1,272.83820000000003,False
2016-01-25,726984.0,1,276.54126875000003,False
2016-01-26,745370.0,1,274.2386,False
2016-01-27,746347.0,1,275.02433125,False
2016-01-28,745559.0,1,276.3468,False
2016-01-29,739056.0,1,276.93800625,False
2016-01-30,665663.0,1,284.3502,False
2016-01-31,618882.0,1,279.15963124999996,False
2016-02-01,584488.0,1,277.2114,False
2016-02-02,733911.0,1,275.8968,False
2016-02-03,747117.0,1,278.9074625,False
2016-02-04,632991.0,1,276.09346875,False
2016-02-05,606690.0,1,275.4056,False
2016-02-06,674648.0,1,273.3652,False
2016-02-07,661708.0,1,272.9735375,False
2016-02-08,746160.0,1,271.9418625,False
2016-02-09,763974.0,1,274.8346,False
2016-02-10,563870.0,1,276.98973125000003,False
2016-02-11,664484.0,1,276.93273125,False
2016-02-12,742395.0,1,277.4002,False
2016-02-13,665733.0,1,279.99263125,False
2016-02-14,626006.0,1,281.12993125,False
2016-02-15,754983.0,1,281.926325,False
2016-02-16,770976.0,1,279.62866249999996,False
2016-02-17,781561.0,1,281.5464,False
2016-02-18,785711.0,1,280.50673125000003,False
2016-02-19,771322.0,1,278.24093750000003,False
2016-02-20,683581.0,1,277.46500000000003,False
2016-02-21,633492.0,1,279.77650000000006,False
2016-02-22,733866.0,1,279.0243375,False
2016-02-23,737910.0,1,279.132,False
2016-02-24,745720.0,1,280.26660000000004,False
2016-02-25,739335.0,1,279.01246875,False
2016-02-26,752744.0,1,282.8761,False
2016-02-27,696083.0,1,280.94933125,False
2016-02-28,638711.0,1,276.5979375,False
2016-02-29,732856.0,1,286.72500546875,False
2016-03-01,587997.0,2,288.0645536458333,False
2016-03-02,737454.0,2,286.89954192708336,False
2016-03-03,738586.0,2,285.3993146701389,False
2016-03-04,594549.0,2,283.94705468750004,False
2016-03-05,662261.0,2,283.62801432291667,False
2016-03-06,677965.0,2,285.03671302083336,False
2016-03-07,613738.0,2,284.8467924479167,False
2016-03-08,754402.0,2,285.6597796875,False
2016-03-09,693518.0,2,285.33149765625,False
2016-03-10,673302.0,2,285.4812372395833,False
2016-03-11,678102.0,2,285.24888359375,False
2016-03-12,673725.0,2,283.2159856770833,False
2016-03-13,616933.0,2,281.27796927083335,False
2016-03-14,743239.0,2,280.64511250000004,False
2016-03-15,756130.0,2,280.62022786458334,False
2016-03-16,745479.0,2,281.35839817708336,False
2016-03-17,747483.0,2,282.53653619791663,False
2016-03-18,738893.0,2,283.6832989583333,False
2016-03-19,655835.0,2,283.7748614583333,False
2016-03-20,607825.0,2,283.1325494791667,False
2016-03-21,715450.0,2,282.95231197916667,False
2016-03-22,716587.0,2,282.28654453125,False
2016-03-23,701321.0,2,282.13206927083337,False
2016-03-24,611190.0,2,280.9981966145833,True
2016-03-25,567089.0,2,282.19892473958333,True
2016-03-26,587248.0,2,286.3413611979167,False
2016-03-27,536297.0,2,287.7854315104167,False
2016-03-28,619931.0,2,287.8565929347826,False
2016-03-29,683086.0,2,288.96197057291664,False
2016-03-30,686008.0,2,288.71744713541665,False
2016-03-31,699132.0,2,287.78308359375,False
2016-04-01,670464.0,2,286.3647294270833,False
2016-04-02,739586.0,2,286.82643802083334,False
2016-04-03,742533.0,2,286.60962552083333,False
2016-04-04,710509.0,2,286.02808359375,False
2016-04-05,669237.0,2,285.76570390625,False
2016-04-06,607156.0,2,285.1765125,False
2016-04-07,727620.0,2,285.30652395833334,False
2016-04-08,752617.0,2,284.5440744791667,False
2016-04-09,654201.0,2,285.54431276041663,False
2016-04-10,695662.0,2,285.3021244791667,False
2016-04-11,690699.0,2,286.5341463541667,False
2016-04-12,625700.0,2,287.86456354166666,False
2016-04-13,703248.0,2,289.2223760416667,False
2016-04-14,700049.0,2,288.09300078125,False
2016-04-15,691552.0,2,287.1097510416667,False
2016-04-16,622326.0,2,288.1826869791667,False
2016-04-17,574005.0,2,287.3467919270833,False
2016-04-18,677543.0,2,286.3055419270833,False
2016-04-19,699990.0,2,287.010375,False
2016-04-20,703121.0,2,288.22074427083334,False
2016-04-21,692224.0,2,288.63010598958334,False
2016-04-22,682859.0,2,288.1185815104167,False
2016-04-23,602034.0,2,288.50233671875,False
2016-04-24,554875.0,2,289.50001380208334,False
2016-04-25,615015.0,2,288.3707036458333,False
2016-04-26,672443.0,2,286.7408640625,False
2016-04-27,679259.0,2,287.7207427083334,False
2016-04-28,678398.0,2,288.09063958333337,False
2016-04-29,673404.0,2,289.53552734375,False
2016-04-30,600756.0,2,292.52328046875,False
2016-05-01,666426.0,2,293.87834140625,False
2016-05-02,739825.0,2,293.74797916666665,True
2016-05-03,666677.0,2,293.4905625,False
2016-05-04,722870.0,2,291.64371145833337,False
2016-05-05,670613.0,2,289.44457005208335,False
2016-05-06,560544.0,2,290.91071223958335,False
2016-05-07,753177.0,2,291.8459510416667,False
2016-05-08,732533.0,2,292.24674609375,False
2016-05-09,796663.0,2,293.7462848958333,False
2016-05-10,665688.0,2,293.5745734375,False
2016-05-11,618370.0,2,293.9976338541667,False
2016-05-12,699274.0,2,296.52445546875,False
2016-05-13,670488.0,2,296.1810747395834,False
2016-05-14,596638.0,2,292.2698458333333,False
2016-05-15,539761.0,2,291.8296080729167,False
2016-05-16,610763.0,2,292.0113171875,False
2016-05-17,650475.0,2,291.9038434895833,False
2016-05-18,668484.0,2,290.16279609375005,False
2016-05-19,666121.0,2,288.57371223958336,False
2016-05-20,667188.0,2,288.56247447916667,False
2016-05-21,601708.0,2,288.4940161458333,False
2016-05-22,553922.0,2,289.51087552083334,False
2016-05-23,650201.0,2,290.00565390624996,False
2016-05-24,664899.0,2,291.076709375,False
2016-05-25,674869.0,2,291.22964973958335,False
2016-05-26,672427.0,2,291.58729140625,False
2016-05-27,671715.0,2,292.4292703125,False
2016-05-28,603143.0,2,291.62598723958337,False
2016-05-29,547137.0,2,291.8856625,False
2016-05-30,649718.0,2,292.3542502604167,False
2016-05-31,662482.0,2,298.96506875,False
2016-06-01,590833.0,3,301.3209,False
2016-06-02,671802.0,3,302.44213125,False
2016-06-03,622256.0,3,301.9536,False
2016-06-04,707260.0,3,301.17806874999997,False
2016-06-05,670884.0,3,301.0533375,False
2016-06-06,670655.0,3,301.7594625,False
2016-06-07,759341.0,3,301.9045,False
2016-06-08,650218.0,3,300.783,False
2016-06-09,817842.0,3,298.3032,False
2016-06-10,693927.0,3,296.7602,False
2016-06-11,565826.0,3,296.1809375,False
2016-06-12,644897.0,3,294.3482,False
2016-06-13,712889.0,3,294.9452,False
2016-06-14,724579.0,3,294.6825833333333,False
2016-06-15,710461.0,3,296.7205,False
2016-06-16,675552.0,3,298.6756625,False
2016-06-17,670399.0,3,300.4372,False
2016-06-18,608608.0,3,301.3278,False
2016-06-19,561789.0,3,301.9074,False
2016-06-20,673687.0,3,303.07640000000004,False
2016-06-21,703887.0,3,302.1884625,False
2016-06-22,713985.0,3,300.4438,False
2016-06-23,709151.0,3,299.988,False
2016-06-24,675239.0,3,302.8081375,False
2016-06-25,643051.0,3,304.836,False
2016-06-26,584745.0,3,306.158,False
2016-06-27,705022.0,3,305.9,False
2016-06-28,738333.0,3,306.796,False
2016-06-29,738371.0,3,306.54200000000003,False
2016-06-30,742863.0,3,304.412,False
2016-07-01,717796.0,3,302.45799999999997,False
2016-07-02,619931.0,3,306.616,False
2016-07-03,760509.0,3,306.738,False
2016-07-04,700286.0,3,306.448,False
2016-07-05,600837.0,3,308.7,False
2016-07-06,699950.0,3,308.01,False
2016-07-07,748282.0,3,304.604,False
2016-07-08,598858.0,3,304.878,False
2016-07-09,776481.0,3,305.844,False
2016-07-10,677009.0,3,303.952,False
2016-07-11,684282.0,3,305.26,False
2016-07-12,702620.0,3,306.36199999999997,False
2016-07-13,744206.0,3,306.584,False
2016-07-14,729571.0,3,306.14,False
2016-07-15,719736.0,3,306.46999999999997,False
2016-07-16,650659.0,3,306.895,False
2016-07-17,602145.0,3,305.346,False
2016-07-18,736178.0,3,304.85600000000005,False
2016-07-19,763062.0,3,306.53599999999994,False
2016-07-20,777489.0,3,306.29200000000003,False
2016-07-21,775559.0,3,304.98,False
2016-07-22,754557.0,3,305.87399999999997,False
2016-07-23,661762.0,3,305.614,False
2016-07-24,607176.0,3,302.502,False
2016-07-25,707788.0,3,305.648,False
2016-07-26,772493.0,3,304.81,False
2016-07-27,775049.0,3,305.812,False
2016-07-28,773763.0,3,304.656,False
2016-07-29,768918.0,3,301.344,False
2016-07-30,688682.0,3,301.004,False
2016-07-31,627251.0,3,301.62199999999996,False
2016-08-01,721012.0,3,306.38,False
2016-08-02,728381.0,3,305.46,False
2016-08-03,764321.0,3,303.648,False
2016-08-04,704654.0,3,306.238,False
2016-08-05,556905.0,3,305.91400000000004,False
2016-08-06,717434.0,3,305.05,False
2016-08-07,754167.0,3,302.09000000000003,False
2016-08-08,704759.0,3,302.026,False
2016-08-09,764167.0,3,304.77799999999996,False
2016-08-10,606831.0,3,304.872,False
2016-08-11,716075.0,3,305.02799999999996,False
2016-08-12,629159.0,3,303.206,False
2016-08-13,627513.0,3,301.07,False
2016-08-14,578855.0,3,299.048,False
2016-08-15,594375.0,3,301.322,True
2016-08-16,683072.0,3,301.108,False
2016-08-17,696559.0,3,300.4,False
2016-08-18,708534.0,3,302.36,False
2016-08-19,713227.0,3,305.688,False
2016-08-20,658657.0,3,305.6,False
2016-08-21,598813.0,3,302.704,False
2016-08-22,718511.0,3,301.786,False
2016-08-23,737048.0,3,300.358,False
2016-08-24,735415.0,3,302.87199999999996,False
2016-08-25,729491.0,3,304.48199999999997,False
2016-08-26,728990.0,3,305.05,False
2016-08-27,662635.0,3,305.832,False
2016-08-28,625177.0,3,306.454,False
2016-08-29,746102.0,3,305.902,False
2016-08-30,752291.0,3,302.648,False
2016-08-31,754170.0,3,295.8763791666667,False
2016-09-01,653089.0,4,294.85494639756945,False
2016-09-02,743307.0,4,294.1940416666667,False
2016-09-03,775747.0,4,292.7881805555556,False
2016-09-04,627123.0,4,292.16075,False
2016-09-05,666558.0,4,290.99691666666666,False
2016-09-06,725901.0,4,289.80375,False
2016-09-07,689450.0,4,291.08941666666664,False
2016-09-08,712047.0,4,293.86966666666666,False
2016-09-09,753332.0,4,294.4163888888889,False
2016-09-10,559760.0,4,294.6898194444445,False
2016-09-11,718959.0,4,294.85477777777777,False
2016-09-12,676969.0,4,294.5085833333333,False
2016-09-13,736619.0,4,293.9157083333333,False
2016-09-14,693252.0,4,292.429373015873,False
2016-09-15,680053.0,4,294.5977357328869,False
2016-09-16,678416.0,4,292.9010912698413,False
2016-09-17,611106.0,4,292.1380555555556,False
2016-09-18,563667.0,4,293.56533333333334,False
2016-09-19,667798.0,4,294.35999999999996,False
2016-09-20,691157.0,4,294.8740833333333,False
2016-09-21,690178.0,4,294.13069817708333,False
2016-09-22,696395.0,4,292.800248015873,False
2016-09-23,690603.0,4,293.491075,False
2016-09-24,610437.0,4,293.7744,False
2016-09-25,562841.0,4,293.82160338541667,False
2016-09-26,676293.0,4,293.31476875,False
2016-09-27,696652.0,4,292.6451860243056,False
2016-09-28,669715.0,4,292.00924107142856,False
2016-09-29,688627.0,4,292.50729027777777,False
2016-09-30,685504.0,4,292.18310928819443,False
2016-10-01,621950.0,4,292.21760416666666,False
2016-10-02,742064.0,4,292.72700824652776,False
2016-10-03,767892.0,4,292.8077653645833,False
2016-10-04,583974.0,4,296.1197449776786,False
2016-10-05,681063.0,4,294.6081052951389,False
2016-10-06,713267.0,4,291.9897916666667,False
2016-10-07,641234.0,4,290.9033125,False
2016-10-08,683399.0,4,290.33385,False
2016-10-09,671186.0,4,290.6535488715278,False
2016-10-10,662487.0,4,292.3605515873016,False
2016-10-11,719998.0,4,292.4029444444445,False
2016-10-12,641873.0,4,290.11858333333333,True
2016-10-13,661200.0,4,288.58358515624997,False
2016-10-14,656166.0,4,287.3784583333333,False
2016-10-15,590837.0,4,288.5356036892361,False
2016-10-16,550852.0,4,289.7521994791667,False
2016-10-17,671183.0,4,292.09625763888886,False
2016-10-18,685659.0,4,291.2803030381944,False
2016-10-19,682395.0,4,290.3922402777778,False
2016-10-20,679653.0,4,288.6136861111111,False
2016-10-21,675533.0,4,288.5369138888889,False
2016-10-22,612380.0,4,288.8580105034722,False
2016-10-23,568465.0,4,289.98771640625,False
2016-10-24,675295.0,4,290.6078985,False
2016-10-25,688494.0,4,291.2501818576389,False
2016-10-26,685232.0,4,290.68133151041667,False
2016-10-27,683358.0,4,289.81679166666663,False
2016-10-28,677965.0,4,290.49615416666666,False
2016-10-29,599154.0,4,290.66814166666666,False
2016-10-30,566607.0,4,290.8498,False
2016-10-31,602558.0,4,290.65028880208337,False
2016-11-01,724376.0,4,289.6583312872024,True
2016-11-02,742235.0,4,288.9424375,False
2016-11-03,751590.0,4,289.71640694444443,False
2016-11-04,698277.0,4,290.8118257936508,False
2016-11-05,678839.0,4,290.5426708333333,False
2016-11-06,629008.0,4,290.5204875,False
2016-11-07,773978.0,4,290.146996031746,False
2016-11-08,680219.0,4,288.9296125,False
2016-11-09,619740.0,4,288.40182361111107,False
2016-11-10,668920.0,4,287.74987142857145,False
2016-11-11,716565.0,4,287.1069791666667,False
2016-11-12,614894.0,4,287.69075833333335,False
2016-11-13,588993.0,4,287.7710083333333,False
2016-11-14,703744.0,4,286.32321666666667,False
2016-11-15,728617.0,4,285.4916309895833,False
2016-11-16,725476.0,4,285.8892486111111,False
2016-11-17,727133.0,4,286.1061192708333,False
2016-11-18,722367.0,4,286.98462083333334,False
2016-11-19,643934.0,4,287.94266666666664,False
2016-11-20,607981.0,4,287.541075,False
2016-11-21,720916.0,4,282.5415625,False
2016-11-22,738515.0,4,280.74101805555557,False
2016-11-23,740976.0,4,281.6779777777778,False
2016-11-24,744547.0,4,285.2419708333333,False
2016-11-25,750640.0,4,286.3910236111111,False
2016-11-26,678171.0,4,285.98247638888887,False
2016-11-27,626330.0,4,284.65159166666666,False
2016-11-28,731645.0,4,282.76765416666666,False
2016-11-29,752680.0,4,282.2064125,False
2016-11-30,748733.0,4,276.231,False
2016-12-01,745934.0,1,277.424,False
2016-12-02,740071.0,1,278.08399999999995,False
2016-12-03,668298.0,1,279.974,False
2016-12-04,714548.0,1,280.51599999999996,False
2016-12-05,677502.0,1,281.4225,False
2016-12-06,577164.0,1,281.902,True
2016-12-07,774316.0,1,282.5444,False
2016-12-08,686174.0,1,282.1896,True
2016-12-09,742479.0,1,279.971,False
2016-12-10,581821.0,1,280.784,False
2016-12-11,637890.0,1,281.2308,False
2016-12-12,733127.0,1,280.854,False
2016-12-13,759878.0,1,280.42199999999997,False
2016-12-14,766908.0,1,282.198,False
2016-12-15,769368.0,1,282.1253,False
2016-12-16,764105.0,1,281.0693,False
2016-12-17,680353.0,1,280.176,False
2016-12-18,645178.0,1,280.5535,False
2016-12-19,770906.0,1,281.37919999999997,False
2016-12-20,772783.0,1,280.2556,False
2016-12-21,763804.0,1,278.60690000000005,False
2016-12-22,748839.0,1,278.2925,False
2016-12-23,710885.0,1,281.2726,False
2016-12-24,610378.0,1,279.518,False
2016-12-25,535713.0,1,279.69,False
2016-12-26,586992.0,1,280.052,True
2016-12-27,678824.0,1,281.954,False
2016-12-28,685103.0,1,282.776,False
2016-12-29,687599.0,1,280.43,False
2016-12-30,685187.0,1,283.1466666666667,False
2016-12-31,628723.0,1,282.3274,False
2017-01-01,563599.0,1,281.784,False
2017-01-02,755665.0,1,281.644,True
2017-01-03,725569.0,1,284.07,False
2017-01-04,614479.0,1,280.5245,False
2017-01-05,540855.0,1,278.6009,False
2017-01-06,703698.0,1,284.033,True
2017-01-07,620843.0,1,286.20166666666665,False
2017-01-08,760023.0,1,285.3482,False
2017-01-09,700448.0,1,284.572,False
2017-01-10,572194.0,1,283.94,False
2017-01-11,582334.0,1,281.14009999999996,False
2017-01-12,791836.0,1,277.5219,False
2017-01-13,766362.0,1,280.784,False
2017-01-14,707208.0,1,280.7166,False
2017-01-15,666078.0,1,278.196,False
2017-01-16,782761.0,1,275.1417,False
2017-01-17,805678.0,1,278.7658,False
2017-01-18,841133.0,1,278.53110000000004,False
2017-01-19,847564.0,1,277.90700000000004,False
2017-01-20,834406.0,1,278.14459999999997,False
2017-01-21,733290.0,1,279.5068,False
2017-01-22,675589.0,1,282.1156,False
2017-01-23,796442.0,1,281.318,False
2017-01-24,802256.0,1,283.0919,False
2017-01-25,809421.0,1,282.10659999999996,False
2017-01-26,817315.0,1,281.07939999999996,False
2017-01-27,800355.0,1,282.146,False
2017-01-28,704311.0,1,282.498,False
2017-01-29,654421.0,1,279.694,False
2017-01-30,760045.0,1,279.84590625,False
2017-01-31,761603.0,1,281.0709,False
2017-02-01,695918.0,1,280.206,False
2017-02-02,757995.0,1,281.5793,False
2017-02-03,723703.0,1,279.26,False
2017-02-04,573924.0,1,277.4395,False
2017-02-05,644825.0,1,278.15999999999997,False
2017-02-06,709016.0,1,282.5,False
2017-02-07,578838.0,1,281.774,False
2017-02-08,765419.0,1,284.248,False
2017-02-09,629493.0,1,283.945,False
2017-02-10,690296.0,1,284.56166666666667,False
2017-02-11,672931.0,1,284.4733333333333,False
2017-02-12,728666.0,1,287.344,False
2017-02-13,742761.0,1,281.1655,False
2017-02-14,748712.0,1,279.326,False
2017-02-15,734388.0,1,276.3197,False
2017-02-16,737665.0,1,273.826,False
2017-02-17,731761.0,1,279.31,False
2017-02-18,663804.0,1,277.164,False
2017-02-19,612507.0,1,275.5284,False
2017-02-20,719701.0,1,277.00339999999994,False
2017-02-21,730668.0,1,279.9165,False
2017-02-22,731587.0,1,281.7385,False
2017-02-23,735684.0,1,280.296,False
2017-02-24,725498.0,1,282.268,False
2017-02-25,650953.0,1,280.7951,False
2017-02-26,604454.0,1,279.6308,False
2017-02-27,702022.0,1,280.71,False
2017-02-28,709307.0,1,280.83090000000004,False
2017-03-01,750735.0,2,284.02597083333336,False
2017-03-02,746946.0,2,285.45876015625,False
2017-03-03,733127.0,2,285.27962638888886,False
2017-03-04,674605.0,2,284.63027890625,False
2017-03-05,675822.0,2,283.4994288194444,False
2017-03-06,634399.0,2,282.48290555555553,False
2017-03-07,699927.0,2,282.1934166666667,False
2017-03-08,780948.0,2,282.5273986979167,False
2017-03-09,587187.0,2,282.5455322916667,False
2017-03-10,693724.0,2,282.5528697482639,False
2017-03-11,685167.0,2,282.75197499999996,False
2017-03-12,681774.0,2,282.8596958333333,False
2017-03-13,699079.0,2,283.4307958333333,False
2017-03-14,713397.0,2,283.2374291666667,False
2017-03-15,696339.0,2,283.55735833333335,False
2017-03-16,695094.0,2,284.10089999999997,False
2017-03-17,685786.0,2,283.6289,False
2017-03-18,606381.0,2,284.3128458333333,False
2017-03-19,558729.0,2,285.3273160714286,False
2017-03-20,655778.0,2,284.80201831597225,False
2017-03-21,694498.0,2,284.8776388888889,False
2017-03-22,712277.0,2,284.99806706349204,False
2017-03-23,727523.0,2,284.90429166666667,False
2017-03-24,735202.0,2,284.9231625,False
2017-03-25,665811.0,2,285.7509597222222,False
2017-03-26,577743.0,2,287.7040083333333,False
2017-03-27,713030.0,2,287.68288115942033,False
2017-03-28,708065.0,2,287.5728833333333,False
2017-03-29,699149.0,2,289.4399833333333,False
2017-03-30,687531.0,2,288.0849583333333,False
2017-03-31,684542.0,2,286.30394296875,False
2017-04-01,746239.0,2,284.1429625,False
2017-04-02,666035.0,2,284.898775,False
2017-04-03,666297.0,2,286.0129625,False
2017-04-04,687872.0,2,285.74664583333333,False
2017-04-05,679330.0,2,286.0073,False
2017-04-06,566634.0,2,287.13619444444447,False
2017-04-07,738651.0,2,287.63590555555555,False
2017-04-08,794049.0,2,285.64710833333334,False
2017-04-09,708504.0,2,286.491025,False
2017-04-10,710942.0,2,286.950175,False
2017-04-11,611392.0,2,287.04193749999996,False
2017-04-12,802021.0,2,287.61330694444445,False
2017-04-13,565801.0,2,288.740675,True
2017-04-14,520351.0,2,289.4622708333333,True
2017-04-15,544912.0,2,289.2439611111111,False
2017-04-16,516274.0,2,289.88154484126983,False
2017-04-17,571812.0,2,289.1632916666667,False
2017-04-18,651788.0,2,288.2930083333333,False
2017-04-19,673068.0,2,287.7457,False
2017-04-20,675699.0,2,288.2235972222222,False
2017-04-21,672197.0,2,288.2393083333333,False
2017-04-22,608825.0,2,287.3547291666667,False
2017-04-23,556155.0,2,288.1182694444444,False
2017-04-24,638198.0,2,288.3301666666667,False
2017-04-25,676559.0,2,287.49432916666666,False
2017-04-26,683160.0,2,288.5004044270833,False
2017-04-27,690605.0,2,288.24952083333335,False
2017-04-28,686183.0,2,287.19755234375003,False
2017-04-29,616549.0,2,288.09242857142857,False
2017-04-30,562736.0,2,288.3043630952381,False
2017-05-01,713121.0,2,287.0595833333333,True
2017-05-02,622623.0,2,288.36025,False
2017-05-03,615617.0,2,290.4624166666667,False
2017-05-04,684558.0,2,291.49625,False
2017-05-05,676491.0,2,290.7621111111111,False
2017-05-06,657715.0,2,289.9896388888889,False
2017-05-07,749916.0,2,289.86909722222225,False
2017-05-08,716777.0,2,288.7825257936508,False
2017-05-09,744836.0,2,289.2436845238095,False
2017-05-10,715193.0,2,288.60981944444444,False
2017-05-11,561029.0,2,289.1250277777778,False
2017-05-12,812060.0,2,289.0121111111111,False
2017-05-13,603213.0,2,289.14979166666666,False
2017-05-14,550106.0,2,290.31333333333333,False
2017-05-15,647266.0,2,291.393625,False
2017-05-16,685656.0,2,291.3666666666667,False
2017-05-17,683127.0,2,291.71975000000003,False
2017-05-18,677744.0,2,292.54277777777776,False
2017-05-19,666308.0,2,292.73791666666665,False
2017-05-20,603024.0,2,294.042,False
2017-05-21,560680.0,2,293.76377777777776,False
2017-05-22,668257.0,2,292.70986111111114,False
2017-05-23,692559.0,2,290.62916666666666,False
2017-05-24,703196.0,2,292.2083791666667,False
2017-05-25,713132.0,2,292.8761666666666,False
2017-05-26,709089.0,2,292.8068583333333,False
2017-05-27,633924.0,2,293.2619416666667,False
2017-05-28,573426.0,2,292.4991111111111,False
2017-05-29,675830.0,2,291.98964722222223,False
2017-05-30,688900.0,2,292.1817916666667,False
2017-05-31,693916.0,2,292.32374583333336,False
2017-06-01,608551.0,3,298.11199999999997,False
2017-06-02,736247.0,3,299.22200000000004,False
2017-06-03,701372.0,3,299.938,False
2017-06-04,680895.0,3,296.912,False
2017-06-05,605866.0,3,300.552,False
2017-06-06,694414.0,3,300.496,False
2017-06-07,738511.0,3,303.134,False
2017-06-08,646500.0,3,304.22860000000003,False
2017-06-09,749317.0,3,304.0524,False
2017-06-10,707696.0,3,300.757,False
2017-06-11,675665.0,3,299.4748,False
2017-06-12,723382.0,3,302.2852,False
2017-06-13,777198.0,3,301.6194,False
2017-06-14,791490.0,3,301.043,False
2017-06-15,795862.0,3,296.69259999999997,False
2017-06-16,795973.0,3,295.02020000000005,False
2017-06-17,733089.0,3,295.56620000000004,False
2017-06-18,675407.0,3,296.5282,False
2017-06-19,795426.0,3,299.3612,False
2017-06-20,809758.0,3,301.8724,False
2017-06-21,809850.0,3,303.835,False
2017-06-22,811260.0,3,304.69179999999994,False
2017-06-23,789202.0,3,303.0838,False
2017-06-24,702743.0,3,302.002,False
2017-06-25,649445.0,3,301.076,False
2017-06-26,759016.0,3,299.87,False
2017-06-27,763560.0,3,302.37600000000003,False
2017-06-28,738351.0,3,303.366,False
2017-06-29,701489.0,3,302.48400000000004,False
2017-06-30,685681.0,3,302.672,False
2017-07-01,664622.0,3,302.944,False
2017-07-02,741601.0,3,302.37399999999997,False
2017-07-03,709786.0,3,303.048,False
2017-07-04,676470.0,3,302.808,False
2017-07-05,552006.0,3,303.078,False
2017-07-06,705970.0,3,304.34,False
2017-07-07,727621.0,3,303.008,False
2017-07-08,749431.0,3,304.254,False
2017-07-09,740465.0,3,306.548,False
2017-07-10,619926.0,3,307.014,False
2017-07-11,702690.0,3,304.602,False
2017-07-12,744918.0,3,302.592,False
2017-07-13,816326.0,3,300.7152,False
2017-07-14,807731.0,3,300.938,False
2017-07-15,717607.0,3,301.53200000000004,False
2017-07-16,654711.0,3,303.96799999999996,False
2017-07-17,784090.0,3,305.34900000000005,False
2017-07-18,806907.0,3,306.335,False
2017-07-19,796753.0,3,297.524,False
2017-07-20,772158.0,3,302.158,False
2017-07-21,753470.0,3,304.556,False
2017-07-22,675449.0,3,302.92600000000004,False
2017-07-23,617860.0,3,302.52,False
2017-07-24,724338.0,3,304.356,False
2017-07-25,724644.0,3,306.02,False
2017-07-26,750819.0,3,306.04200000000003,False
2017-07-27,776936.0,3,304.33000000000004,False
2017-07-28,779548.0,3,304.812,False
2017-07-29,705486.0,3,306.412,False
2017-07-30,651138.0,3,304.988,False
2017-07-31,739211.0,3,303.896,False
2017-08-01,651505.0,3,304.242,False
2017-08-02,749159.0,3,306.026,False
2017-08-03,698311.0,3,306.298,False
2017-08-04,610514.0,3,307.3334,False
2017-08-05,656880.0,3,302.51460000000003,False
2017-08-06,719594.0,3,305.1078,False
2017-08-07,649106.0,3,305.6204,False
2017-08-08,736814.0,3,305.6924,False
2017-08-09,716074.0,3,301.84000000000003,False
2017-08-10,572005.0,3,300.80699999999996,False
2017-08-11,714534.0,3,301.8954,False
2017-08-12,685937.0,3,305.5304,False
2017-08-13,581754.0,3,305.6426,False
2017-08-14,659766.0,3,305.85060000000004,False
2017-08-15,625407.0,3,306.363,True
2017-08-16,704357.0,3,304.944,False
2017-08-17,720782.0,3,304.84499999999997,False
2017-08-18,732034.0,3,304.2752,False
2017-08-19,662260.0,3,304.9152,False
2017-08-20,615992.0,3,302.904,False
2017-08-21,737052.0,3,302.982,False
2017-08-22,755885.0,3,306.524,False
2017-08-23,757490.0,3,306.46999999999997,False
2017-08-24,753444.0,3,306.056,False
2017-08-25,746331.0,3,306.98199999999997,False
2017-08-26,676598.0,3,305.828,False
2017-08-27,618542.0,3,306.594,False
2017-08-28,724511.0,3,304.89,False
2017-08-29,722450.0,3,303.414,False
2017-08-30,710440.0,3,302.586,False
2017-08-31,710760.0,3,302.588,False
2017-09-01,777392.0,4,298.7821833333333,False
2017-09-02,761718.0,4,299.55783333333335,False
2017-09-03,693184.0,4,300.68458333333336,False
2017-09-04,559125.0,4,301.43850000000003,False
2017-09-05,677894.0,4,301.85224999999997,False
2017-09-06,717443.0,4,301.54675000000003,False
2017-09-07,603596.0,4,300.46433333333334,False
2017-09-08,703330.0,4,297.7556666666667,False
2017-09-09,630321.0,4,297.8238333333333,False
2017-09-10,667883.0,4,297.61595833333337,False
2017-09-11,714472.0,4,298.23525,False
2017-09-12,680253.0,4,298.8570833333333,False
2017-09-13,724144.0,4,296.5253333333333,False
2017-09-14,724112.0,4,292.32174404761906,False
2017-09-15,690303.0,4,291.67725,False
2017-09-16,609458.0,4,293.2003472222222,False
2017-09-17,564212.0,4,293.28225000000003,False
2017-09-18,674527.0,4,293.0045073164683,False
2017-09-19,693971.0,4,292.83718055555556,False
2017-09-20,698159.0,4,293.12646666666666,False
2017-09-21,699433.0,4,293.01149166666664,False
2017-09-22,697983.0,4,292.83888333333334,False
2017-09-23,626401.0,4,293.4781125,False
2017-09-24,577723.0,4,293.49036666666666,False
2017-09-25,684433.0,4,293.58614166666666,False
2017-09-26,702639.0,4,293.21610000000004,False
2017-09-27,704703.0,4,293.996025,False
2017-09-28,702726.0,4,294.2354625,False
2017-09-29,700337.0,4,293.8944666666667,False
2017-09-30,624324.0,4,293.1739375,False
2017-10-01,803091.0,4,293.02235833333333,False
2017-10-02,770584.0,4,292.76632083333334,False
2017-10-03,682238.0,4,292.74099583333333,False
2017-10-04,652849.0,4,293.6484041666667,False
2017-10-05,682449.0,4,292.33967083333334,False
2017-10-06,651613.0,4,291.16795,False
2017-10-07,733817.0,4,290.20682500000004,False
2017-10-08,672861.0,4,290.10093333333333,False
2017-10-09,571645.0,4,289.7404666666667,False
2017-10-10,694987.0,4,288.3084,False
2017-10-11,721438.0,4,288.50047083333334,False
2017-10-12,650284.0,4,288.02917916666667,True
2017-10-13,635717.0,4,288.0512708333333,False
2017-10-14,604736.0,4,287.6904416666667,False
2017-10-15,563617.0,4,287.8004875,False
2017-10-16,679232.0,4,288.86862786458335,False
2017-10-17,691504.0,4,290.3869458333333,False
2017-10-18,692097.0,4,289.9669416666667,False
2017-10-19,678293.0,4,289.33706666666666,False
2017-10-20,679593.0,4,288.3301942708333,False
2017-10-21,606588.0,4,287.4132583333333,False
2017-10-22,556249.0,4,287.9255875,False
2017-10-23,667293.0,4,289.413,False
2017-10-24,688222.0,4,289.0090833333333,False
2017-10-25,694388.0,4,289.720875,False
2017-10-26,687865.0,4,290.8955416666667,False
2017-10-27,681050.0,4,290.5192083333333,False
2017-10-28,597893.0,4,289.65633333333335,False
2017-10-29,572262.0,4,288.66491666666667,False
2017-10-30,663977.0,4,286.9888,False
2017-10-31,683161.0,4,286.05244999999996,False
2017-11-01,781205.0,4,287.2024166666667,True
2017-11-02,693979.0,4,289.24025,False
2017-11-03,609067.0,4,289.231625,False
2017-11-04,662642.0,4,288.7993948412698,False
2017-11-05,678787.0,4,289.76370833333334,False
2017-11-06,614088.0,4,286.07683333333335,False
2017-11-07,764013.0,4,283.5189722222222,False
2017-11-08,674471.0,4,283.7245,False
2017-11-09,666319.0,4,286.44672619047617,False
2017-11-10,690186.0,4,285.572,False
2017-11-11,644934.0,4,285.30766666666665,False
2017-11-12,765986.0,4,285.211875,False
2017-11-13,711922.0,4,286.8951527777778,False
2017-11-14,671282.0,4,285.9745555555556,False
2017-11-15,752825.0,4,284.76916666666665,False
2017-11-16,752430.0,4,283.89255555555553,False
2017-11-17,740564.0,4,284.6125,False
2017-11-18,661026.0,4,285.6402361111111,False
2017-11-19,612822.0,4,285.5000634920635,False
2017-11-20,734780.0,4,286.33960317460316,False
2017-11-21,752295.0,4,288.61708581349205,False
2017-11-22,760136.0,4,285.3710277777778,False
2017-11-23,747579.0,4,284.48375198412697,False
2017-11-24,738873.0,4,282.8565765625,False
2017-11-25,663067.0,4,281.7238115079365,False
2017-11-26,616884.0,4,284.1514583333333,False
2017-11-27,750508.0,4,285.6926509920635,False
2017-11-28,774615.0,4,284.42469841269843,False
2017-11-29,778534.0,4,284.52187499999997,False
2017-11-30,783045.0,4,285.82916666666665,False
2017-12-01,770796.0,1,282.29200000000003,False
2017-12-02,638186.0,1,280.01666666666665,False
2017-12-03,564340.0,1,279.896,False
2017-12-04,651504.0,1,284.8383333333333,False
2017-12-05,671241.0,1,285.106,False
2017-12-06,746304.0,1,281.83166666666665,True
2017-12-07,794723.0,1,280.21999999999997,False
2017-12-08,622912.0,1,281.4733333333333,True
2017-12-09,711364.0,1,282.038,False
2017-12-10,592204.0,1,281.09666666666664,False
2017-12-11,593553.0,1,279.025,False
2017-12-12,788376.0,1,279.13599999999997,False
2017-12-13,800915.0,1,278.07,False
2017-12-14,789788.0,1,280.318,False
2017-12-15,766671.0,1,280.96999999999997,False
2017-12-16,693202.0,1,281.78833333333336,False
2017-12-17,660496.0,1,282.005,False
2017-12-18,791088.0,1,280.93199999999996,False
2017-12-19,796316.0,1,279.28833333333336,False
2017-12-20,797920.0,1,280.21,False
2017-12-21,783033.0,1,279.63,False
2017-12-22,755866.0,1,279.65999999999997,False
2017-12-23,666150.0,1,280.106,False
2017-12-24,611113.0,1,279.75,False
2017-12-25,565580.0,1,279.205,True
2017-12-26,665937.0,1,278.102,False
2017-12-27,704641.0,1,278.11199999999997,False
2017-12-28,697878.0,1,278.296,False
2017-12-29,676115.0,1,276.45799999999997,False
2017-12-30,616537.0,1,276.28,False
2017-12-31,580885.0,1,275.70799999999997,False
2018-01-01,539088.0,1,275.28999999999996,True
2018-01-02,789443.0,1,275.322,False
2018-01-03,794675.0,1,275.448,False
2018-01-04,569883.0,1,275.3385714285714,False
2018-01-05,557926.0,1,276.92285714285714,False
2018-01-06,667861.0,1,274.444,True
2018-01-07,608404.0,1,273.744,False
2018-01-08,779558.0,1,273.844,False
2018-01-09,673554.0,1,276.108,False
2018-01-10,686814.0,1,276.86,False
2018-01-11,620625.0,1,281.0,False
2018-01-12,672377.0,1,278.96799999999996,False
2018-01-13,727488.0,1,279.175,False
2018-01-14,676257.0,1,277.392,False
2018-01-15,797089.0,1,277.722,False
2018-01-16,796574.0,1,278.704,False
2018-01-17,784322.0,1,277.04200000000003,False
2018-01-18,782028.0,1,273.176,False
2018-01-19,775908.0,1,274.224,False
2018-01-20,686962.0,1,277.948,False
2018-01-21,628085.0,1,278.462,False
2018-01-22,740202.0,1,277.9166666666667,False
2018-01-23,755136.0,1,278.288,False
2018-01-24,758304.0,1,275.75,False
2018-01-25,769547.0,1,272.21799999999996,False
2018-01-26,782595.0,1,274.442,False
2018-01-27,701749.0,1,280.904,False
2018-01-28,652811.0,1,279.68999999999994,False
2018-01-29,757750.0,1,278.28833333333336,False
2018-01-30,773112.0,1,281.765,False
2018-01-31,771331.0,1,280.3566666666666,False
2018-02-01,685554.0,1,280.892,False
2018-02-02,798810.0,1,283.39375,False
2018-02-03,789481.0,1,283.584,False
2018-02-04,628615.0,1,285.662,False
2018-02-05,656832.0,1,282.346,False
2018-02-06,599319.0,1,280.956,False
2018-02-07,718907.0,1,282.904,False
2018-02-08,801510.0,1,279.692,False
2018-02-09,633808.0,1,276.006,False
2018-02-10,695124.0,1,277.62199999999996,False
2018-02-11,660340.0,1,280.394,False
2018-02-12,624449.0,1,283.716,False
2018-02-13,813309.0,1,283.475875,False
2018-02-14,804595.0,1,279.3966625,False
2018-02-15,780513.0,1,278.319,False
2018-02-16,762471.0,1,280.26,False
2018-02-17,680734.0,1,277.794,False
2018-02-18,637653.0,1,276.848,False
2018-02-19,754987.0,1,280.491,False
2018-02-20,762716.0,1,276.909,False
2018-02-21,766951.0,1,277.512,False
2018-02-22,781214.0,1,279.32599999999996,False
2018-02-23,787098.0,1,281.73999999999995,False
2018-02-24,704679.0,1,283.732,False
2018-02-25,649640.0,1,279.302,False
2018-02-26,773194.0,1,279.416,False
2018-02-27,813046.0,1,281.53000000000003,False
2018-02-28,800476.0,1,283.512,False
2018-03-01,715769.0,2,285.001125,False
2018-03-02,719242.0,2,285.3218472222222,False
2018-03-03,684386.0,2,284.50466666666665,False
2018-03-04,702044.0,2,282.84999999999997,False
2018-03-05,686699.0,2,284.9095972222222,False
2018-03-06,546279.0,2,289.360123015873,False
2018-03-07,751223.0,2,287.93959722222223,False
2018-03-08,810667.0,2,288.1551666666667,False
2018-03-09,747533.0,2,288.8425277777778,False
2018-03-10,699800.0,2,289.08855555555556,False
2018-03-11,625247.0,2,287.9725,False
2018-03-12,731007.0,2,287.1308055555556,False
2018-03-13,749256.0,2,285.5622361111111,False
2018-03-14,755246.0,2,287.23543849206345,False
2018-03-15,749227.0,2,286.90166666666664,False
2018-03-16,739216.0,2,286.93466666666666,False
2018-03-17,677760.0,2,286.4556666666667,False
2018-03-18,625745.0,2,286.88366666666667,False
2018-03-19,742175.0,2,287.39050000000003,False
2018-03-20,791911.0,2,287.81149999999997,False
2018-03-21,787536.0,2,285.71591666666666,False
2018-03-22,775990.0,2,284.95070833333335,False
2018-03-23,772930.0,2,282.65427777777774,False
2018-03-24,698290.0,2,281.43280555555555,False
2018-03-25,613190.0,2,282.2703700396825,False
2018-03-26,737483.0,2,285.41930724637683,False
2018-03-27,728892.0,2,286.6036805555555,False
2018-03-28,700465.0,2,286.8689361111111,False
2018-03-29,621886.0,2,288.0173333333333,True
2018-03-30,583199.0,2,288.7526666666667,True
2018-03-31,603601.0,2,288.78768055555554,False
2018-04-01,716430.0,2,287.1673611111111,False
2018-04-02,683956.0,2,286.90236111111113,False
2018-04-03,630877.0,2,287.4855,False
2018-04-04,715773.0,2,287.6065,False
2018-04-05,686489.0,2,287.2042083333333,False
2018-04-06,658002.0,2,287.920625,False
2018-04-07,744444.0,2,288.33299999999997,False
2018-04-08,720444.0,2,289.35491666666667,False
2018-04-09,755537.0,2,289.3210833333333,False
2018-04-10,701233.0,2,289.9191666666666,False
2018-04-11,593715.0,2,290.64725,False
2018-04-12,738805.0,2,290.3732083333333,False
2018-04-13,737471.0,2,290.0979880208333,False
2018-04-14,643352.0,2,290.74975,False
2018-04-15,591647.0,2,290.56325,False
2018-04-16,697782.0,2,290.3310833333333,False
2018-04-17,699246.0,2,290.6290138888889,False
2018-04-18,691226.0,2,291.13208333333336,False
2018-04-19,681386.0,2,289.3959722222222,False
2018-04-20,675434.0,2,287.79819444444445,False
2018-04-21,606804.0,2,287.0854166666667,False
2018-04-22,558107.0,2,288.38616666666667,False
2018-04-23,652489.0,2,289.5253333333333,False
2018-04-24,679111.0,2,290.0570833333333,False
2018-04-25,684627.0,2,289.95941666666664,False
2018-04-26,679123.0,2,288.0678849206349,False
2018-04-27,675276.0,2,284.4071388888889,False
2018-04-28,603574.0,2,285.3693472222222,False
2018-04-29,557232.0,2,286.6445099206349,False
2018-04-30,618571.0,2,288.558875,False
2018-05-01,688245.0,2,287.4634444444444,True
2018-05-02,812364.0,2,289.34779166666664,False
2018-05-03,757277.0,2,290.8191972222222,False
2018-05-04,701112.0,2,291.3715972222222,False
2018-05-05,612094.0,2,291.95188888888885,False
2018-05-06,665298.0,2,292.05366666666663,False
2018-05-07,740398.0,2,291.9688333333333,False
2018-05-08,668031.0,2,292.3856666666666,False
2018-05-09,747545.0,2,292.03383333333335,False
2018-05-10,691808.0,2,292.3629444444444,False
2018-05-11,715513.0,2,291.31163095238094,False
2018-05-12,733186.0,2,291.79756547619047,False
2018-05-13,559943.0,2,292.64508333333333,False
2018-05-14,661533.0,2,293.39875,False
2018-05-15,671683.0,2,293.83925,False
2018-05-16,685542.0,2,294.9459166666666,False
2018-05-17,681186.0,2,293.7935833333333,False
2018-05-18,676045.0,2,290.8675376984127,False
2018-05-19,606741.0,2,289.32508333333334,False
2018-05-20,556129.0,2,290.92340277777777,False
2018-05-21,649636.0,2,292.88466666666665,False
2018-05-22,677248.0,2,293.75808333333333,False
2018-05-23,687062.0,2,294.47933333333333,False
2018-05-24,687330.0,2,296.18083333333334,False
2018-05-25,681262.0,2,297.0226666666667,False
2018-05-26,605007.0,2,295.364998015873,False
2018-05-27,554139.0,2,295.23854166666666,False
2018-05-28,660255.0,2,295.066,False
2018-05-29,678687.0,2,293.86125,False
2018-05-30,673520.0,2,293.3624444444444,False
2018-05-31,667084.0,2,294.63550000000004,False
2018-06-01,606370.0,3,301.422,False
2018-06-02,823870.0,3,300.59,False
2018-06-03,773440.0,3,298.28999999999996,False
2018-06-04,706622.0,3,295.2,False
2018-06-05,558896.0,3,298.474,False
2018-06-06,675756.0,3,298.43199999999996,False
2018-06-07,736789.0,3,300.588,False
2018-06-08,784998.0,3,302.284,False
2018-06-09,730772.0,3,300.898,False
2018-06-10,618094.0,3,303.594,False
2018-06-11,701624.0,3,304.13399999999996,False
2018-06-12,642220.0,3,304.548,False
2018-06-13,693545.0,3,304.306,False
2018-06-14,694866.0,3,305.13199999999995,False
2018-06-15,693463.0,3,304.55,False
2018-06-16,631097.0,3,306.826,False
2018-06-17,583831.0,3,307.334,False
2018-06-18,700823.0,3,307.534,False
2018-06-19,724875.0,3,305.642,False
2018-06-20,739328.0,3,305.782,False
2018-06-21,748598.0,3,306.07599999999996,False
2018-06-22,749163.0,3,305.084,False
2018-06-23,673534.0,3,304.236,False
2018-06-24,621976.0,3,304.63800000000003,False
2018-06-25,742760.0,3,303.448,False
2018-06-26,761483.0,3,302.858,False
2018-06-27,758163.0,3,301.578,False
2018-06-28,749181.0,3,300.5733333333333,False
2018-06-29,735093.0,3,298.06,False
2018-06-30,665191.0,3,296.846,False
2018-07-01,641205.0,3,297.408,False
2018-07-02,832017.0,3,300.446,False
2018-07-03,765386.0,3,303.446,False
2018-07-04,642607.0,3,305.148,False
2018-07-05,667129.0,3,302.57599999999996,False
2018-07-06,672570.0,3,299.52599999999995,False
2018-07-07,665855.0,3,299.408,False
2018-07-08,787203.0,3,300.23,False
2018-07-09,718911.0,3,302.572,False
2018-07-10,568683.0,3,302.206,False
2018-07-11,703674.0,3,304.298,False
2018-07-12,671056.0,3,305.88199999999995,False
2018-07-13,756477.0,3,305.772,False
2018-07-14,673910.0,3,304.484,False
2018-07-15,613374.0,3,304.544,False
2018-07-16,726555.0,3,305.88,False
2018-07-17,756145.0,3,306.532,False
2018-07-18,766166.0,3,305.996,False
2018-07-19,768281.0,3,302.81399999999996,False
2018-07-20,755042.0,3,300.954,False
2018-07-21,661917.0,3,299.852,False
2018-07-22,600999.0,3,302.788,False
2018-07-23,738020.0,3,303.242,False
2018-07-24,764050.0,3,302.84799999999996,False
2018-07-25,753572.0,3,301.53000000000003,False
2018-07-26,763744.0,3,302.59,False
2018-07-27,760387.0,3,305.83,False
2018-07-28,681274.0,3,305.502,False
2018-07-29,620735.0,3,305.878,False
2018-07-30,737906.0,3,304.322,False
2018-07-31,757112.0,3,302.35,False
2018-08-01,782634.0,3,301.726,False
2018-08-02,840099.0,3,305.27799999999996,False
2018-08-03,758343.0,3,307.21999999999997,False
2018-08-04,592685.0,3,308.67199999999997,False
2018-08-05,682696.0,3,305.52599999999995,False
2018-08-06,674131.0,3,304.502,False
2018-08-07,615886.0,3,304.70799999999997,False
2018-08-08,767477.0,3,301.3,False
2018-08-09,630722.0,3,299.26,False
2018-08-10,663293.0,3,299.44,False
2018-08-11,738752.0,3,300.096,False
2018-08-12,627518.0,3,302.88199999999995,False
2018-08-13,704681.0,3,303.716,False
2018-08-14,700310.0,3,305.476,False
2018-08-15,626494.0,3,302.65999999999997,True
2018-08-16,687445.0,3,304.572,False
2018-08-17,673269.0,3,305.472,False
2018-08-18,614768.0,3,304.806,False
2018-08-19,585423.0,3,303.614,False
2018-08-20,698080.0,3,304.49399999999997,False
2018-08-21,726227.0,3,306.15,False
2018-08-22,736352.0,3,305.32599999999996,False
2018-08-23,735048.0,3,304.686,False
2018-08-24,727744.0,3,305.082,False
2018-08-25,651863.0,3,304.88,False
2018-08-26,603379.0,3,304.226,False
2018-08-27,740641.0,3,300.358,False
2018-08-28,765134.0,3,299.736,False
2018-08-29,761265.0,3,299.322,False
2018-08-30,758981.0,3,299.98199999999997,False
2018-08-31,749709.0,3,299.348,False
2018-09-01,817536.0,4,295.303,False
2018-09-02,831508.0,4,295.292,False
2018-09-03,748844.0,4,295.9791666666667,False
2018-09-04,705356.0,4,296.53925,False
2018-09-05,681674.0,4,297.1019166666667,False
2018-09-06,603688.0,4,297.28580753968254,False
2018-09-07,755770.0,4,296.4432638888889,False
2018-09-08,743075.0,4,295.35858333333334,False
2018-09-09,581939.0,4,293.5689861111111,False
2018-09-10,670406.0,4,292.4629722222222,False
2018-09-11,726180.0,4,295.25093055555556,False
2018-09-12,610107.0,4,295.38624999999996,False
2018-09-13,741323.0,4,295.3616666666666,False
2018-09-14,735393.0,4,295.37083333333334,False
2018-09-15,642421.0,4,290.7683333333333,False
2018-09-16,594731.0,4,289.31916666666666,False
2018-09-17,718077.0,4,290.3985,False
2018-09-18,733343.0,4,291.5738333333333,False
2018-09-19,740513.0,4,292.2815,False
2018-09-20,745859.0,4,292.34116666666665,False
2018-09-21,741916.0,4,292.82538515625,False
2018-09-22,664634.0,4,293.5994861111111,False
2018-09-23,616763.0,4,294.00118055555555,False
2018-09-24,730619.0,4,294.886175,False
2018-09-25,738342.0,4,294.6360833333333,False
2018-09-26,731314.0,4,293.40119999999996,False
2018-09-27,722023.0,4,292.93916666666667,False
2018-09-28,713926.0,4,294.30372916666664,False
2018-09-29,631645.0,4,294.19533333333334,False
2018-09-30,580541.0,4,293.6310277777778,False
2018-10-01,800061.0,4,293.91883333333334,False
2018-10-02,737029.0,4,294.6074603174603,False
2018-10-03,661077.0,4,294.91810515873016,False
2018-10-04,747212.0,4,295.2225555555555,False
2018-10-05,679572.0,4,294.9330476190476,False
2018-10-06,556409.0,4,294.03066666666666,False
2018-10-07,775089.0,4,291.7654444444444,False
2018-10-08,718864.0,4,291.59324999999995,False
2018-10-09,683017.0,4,291.84683333333334,False
2018-10-10,682834.0,4,292.1029722222222,False
2018-10-11,650937.0,4,292.638,False
2018-10-12,731654.0,4,293.121375,True
2018-10-13,589731.0,4,293.70983333333334,False
2018-10-14,561469.0,4,294.0392638888889,False
2018-10-15,660241.0,4,294.81566666666663,False
2018-10-16,680738.0,4,294.11816666666664,False
2018-10-17,687593.0,4,292.1621448412698,False
2018-10-18,687195.0,4,289.97253174603173,False
2018-10-19,680330.0,4,288.6858958333333,False
2018-10-20,604563.0,4,291.0805,False
2018-10-21,560732.0,4,291.863875,False
2018-10-22,665411.0,4,289.9984166666666,False
2018-10-23,680700.0,4,288.904,False
2018-10-24,679329.0,4,289.93275,False
2018-10-25,679328.0,4,290.02816666666666,False
2018-10-26,680518.0,4,290.67675,False
2018-10-27,611830.0,4,291.1611666666667,False
2018-10-28,601298.0,4,290.6935833333333,False
2018-10-29,713078.0,4,288.50466666666665,False
2018-10-30,739945.0,4,288.30791666666664,False
2018-10-31,733193.0,4,287.921,False
2018-11-01,797314.0,4,288.464,True
2018-11-02,671119.0,4,289.4195833333333,False
2018-11-03,620852.0,4,289.080875,False
2018-11-04,751650.0,4,288.24870833333335,False
2018-11-05,677046.0,4,287.33683333333335,False
2018-11-06,666472.0,4,285.4293333333333,False
2018-11-07,771270.0,4,283.57183333333336,False
2018-11-08,666344.0,4,283.6410833333333,False
2018-11-09,691828.0,4,283.42883333333333,False
2018-11-10,680081.0,4,283.87667857142856,False
2018-11-11,598529.0,4,285.5994583333333,False
2018-11-12,755752.0,4,286.11826666666667,False
2018-11-13,718978.0,4,285.23482083333334,False
2018-11-14,718112.0,4,282.2576666666667,False
2018-11-15,717353.0,4,281.5045833333333,False
2018-11-16,710539.0,4,282.285,False
2018-11-17,632882.0,4,283.0971666666666,False
2018-11-18,598414.0,4,283.3674027777778,False
2018-11-19,714983.0,4,283.01955555555554,False
2018-11-20,740826.0,4,282.98775,False
2018-11-21,744848.0,4,282.96733333333333,False
2018-11-22,748813.0,4,283.4026666666667,False
2018-11-23,743795.0,4,286.15992916666664,False
2018-11-24,666693.0,4,287.63225,False
2018-11-25,627801.0,4,285.58329166666664,False
2018-11-26,742193.0,4,283.51624999999996,False
2018-11-27,758041.0,4,280.79658333333333,False
2018-11-28,760195.0,4,281.9274015873016,False
2018-11-29,763215.0,4,282.8583293650793,False
2018-11-30,751533.0,4,279.8498055555555,False
2018-12-01,800385.0,1,275.64,False
2018-12-02,791656.0,1,275.456,False
2018-12-03,736868.0,1,273.038,False
2018-12-04,743871.0,1,273.924,False
2018-12-05,608111.0,1,273.30833333333334,False
2018-12-06,688513.0,1,272.86199999999997,True
2018-12-07,760278.0,1,274.53,False
2018-12-08,626962.0,1,277.224,True
2018-12-09,735160.0,1,278.918,False
2018-12-10,586584.0,1,282.904,False
2018-12-11,711135.0,1,281.48,False
2018-12-12,764038.0,1,276.966,False
2018-12-13,774203.0,1,275.002,False
2018-12-14,763416.0,1,280.26,False
2018-12-15,683695.0,1,282.402,False
2018-12-16,643767.0,1,277.43999999999994,False
2018-12-17,762750.0,1,275.328,False
2018-12-18,786891.0,1,274.836,False
2018-12-19,772018.0,1,278.01,False
2018-12-20,761545.0,1,275.694,False
2018-12-21,734264.0,1,277.928,False
2018-12-22,651730.0,1,276.254,False
2018-12-23,611552.0,1,277.476,False
2018-12-24,611884.0,1,277.186,False
2018-12-25,536106.0,1,274.9066666666667,True
2018-12-26,636691.0,1,279.7333333333333,False
2018-12-27,684773.0,1,282.128,False
2018-12-28,687306.0,1,281.258,False
2018-12-29,639282.0,1,281.6466666666667,False
2018-12-30,606334.0,1,283.742,False
2018-12-31,621534.0,1,281.68333333333334,False
